Type,Name,Request Count,Failure Count,Median Response Time,Average Response Time,Min Response Time,Max Response Time,Average Content Size,Requests/s,Failures/s,50%,66%,75%,80%,90%,95%,98%,99%,99.9%,99.99%,100%
GET,/api/full-text?file_path=Letters%20on%20Yoga%20IV_modified.html,825,5,6,52.27510342430888,3.5070544108748436,1499.2117509245872,1684322.7393939395,2.7552438900671397,0.016698447818588726,6,7,8,17,180,350,550,630,1500,1500,1500
POST,/api/keyword-search,771,8,7,58.50422297678067,0.9531853720545769,1532.3339384049177,19040.36316472114,2.5749006536263814,0.02671751650974196,7,8,9,14,220,410,570,710,1500,1500,1500
POST,/api/search,1558,10,2300.0,2470.0527444394575,4.0268609300255775,7446.941697970033,8401.953145057767,5.203236340272247,0.03339689563717745,2300,2500,2700,2900,3800,4600,5400,6200,7000,7400,7400
POST,/api/send-message,1563,16,2,25.56877918910862,0.9482884779572487,1006.0710534453392,0.0,5.2199347880908356,0.05343503301948392,2,2,3,3,56,170,350,450,960,1000,1000
,Aggregated,4717,39,7,843.023085424932,0.9482884779572487,7446.941697970033,300474.16217935126,15.753315672056605,0.13024789298499206,7,500,1800,2000,2600,3200,4300,5100,6600,7400,7400
